timestamp,hour,day_index,pv_voltage,pv_current,pv_power_output,pv_panel_temperature,solar_irradiance,pv_efficiency,pv_dc_power,pv_ac_power,pv_inverter_temperature,pv_frequency,battery_soc,battery_soh,battery_voltage,battery_current,battery_temperature,battery_charge_rate,battery_discharge_rate,battery_internal_resistance,battery_cycle_count,ev_charging_load,ev_charging_current,ev_charging_voltage,charging_station_temperature,active_ev_count,charging_duration,fast_charging_status,grid_voltage,grid_current,grid_frequency,power_demand,reactive_power,load_factor,energy_export,energy_import,power_factor,sensor_latency,packet_loss_rate,signal_strength,data_transmission_rate,edge_node_cpu_usage,cloud_response_time,dwt_coeff_a1,dwt_coeff_d1,dwt_coeff_d2,signal_energy,signal_entropy,rms_value,crest_factor,system_condition_label
2025-01-01 00:04:00,0,1,437.1711736033654,16.69038877451619,7.296556848451678,36.868231839091024,641.461656319166,92.9720476560582,4.316069928023262,4.245639003709522,48.869512562807536,49.58350933453916,89.18430607002561,95.0952770851142,386.180859599141,21.35985643426425,35.24924894986502,18.92601227996647,25.091747706091915,0.0522194793167175,505,37.55879930289004,29.718445141156263,429.4873986024119,24.044183611319728,5,35.09848309063943,1,238.8138696896098,69.31840997962571,50.10833555520949,66.49958390652473,49.65216194369155,89.2419378833731,36.30185730702543,37.02792713377546,0.9185765823388198,25.79595379887464,4.256494595699615,-67.34910922079096,51.91021592171023,56.359498849446815,130.76183190842974,0.6810446537063359,0.2750160979693737,0.1842265335276448,85.71141156240319,0.7081159440664146,55.385951449937366,4.605478289528955,Sensor_Failure
2025-01-01 00:05:00,0,1,445.2885937792616,18.19041706746767,8.099985236230959,32.6721238017576,641.4657607627048,89.25844068579663,7.648171065557384,7.467045161523577,40.47168590472955,50.159465171116366,60.631686261354346,84.78497945238439,380.1542644389432,69.86883668902311,19.80444383617548,31.305049336998305,17.799816340892452,0.0248032752424379,2721,8.142723204683271,108.69023761666232,422.5189226986827,26.9197805933252,5,39.26974014666556,0,206.4507872826688,41.52640118099229,49.9808250693536,89.76351684004244,34.56662985045664,67.8264256190893,52.68762883096525,32.19573536595275,0.9362009551860618,6.513349794731825,2.08760400440414,-52.92373837754482,61.553918507996485,47.27056181568376,122.05372538943072,0.4949164618272492,0.4442434257356781,0.148810309264503,88.92801586226872,0.504687186260507,28.93232557575413,3.598764045183811,Sensor_Failure
2025-01-01 00:06:00,0,1,414.5648941923397,17.522035793093764,7.264020914598304,46.88250996878607,1094.803203876848,95.76144420432064,8.363212477618568,7.868126845971643,43.24298941395161,50.132743133584974,86.28734088571345,91.06363191169116,374.7670628824933,47.39331341307214,18.574582449144746,21.36744484965008,25.03193255320821,0.040958582659755,281,36.40461496610035,76.75110099931284,411.4921182187108,35.98623396983459,19,114.47614622274324,0,230.38304214310352,79.85449035192289,49.79704314206728,144.58161633863463,33.64983768540366,98.13191266152988,30.919353569445267,47.88710818622076,0.9421058692529174,28.52302435356409,0.0,-62.39634184775776,42.71645079106166,48.93519343251575,125.26935725613932,0.501005212686688,0.157187965725308,0.0224507270845352,91.09052251621743,0.5027725784233955,49.48697695229678,3.972480358512193,EV_Charging_Fault
2025-01-01 00:07:00,0,1,423.1351201534784,11.29557743402826,4.7795555147504665,43.47607954862752,891.8586822882272,94.594517491002,5.522883937904981,5.412823270351611,47.0892032932099,49.70223147929885,86.4228269570808,89.84839337359531,379.5389056211865,48.5011343111697,35.986436192139784,27.164573280209485,37.87238198947323,0.0477479962579026,3907,13.275762327066197,45.57876306998794,409.7949990282336,29.656381751794875,7,24.7700017280427,1,230.765691965682,89.43195440926817,50.62892707536124,135.04758961965058,42.61955106321829,67.22371296031153,42.161323910930605,63.75787649188412,0.9506420586178936,14.666747629816744,0.3322488108080743,-54.3000426108307,77.12789149932141,34.76435323337618,139.09953805528596,0.6572016662316297,0.2952551307026715,0.1720313874122902,106.2952107909082,0.4422711074006935,45.63826465935836,3.165767564546445,Battery_Overheating
2025-01-01 00:08:00,0,1,457.143301839991,23.527248084653262,10.755323872627,39.23154480112905,582.631403516262,94.14855760880036,9.353164875371991,8.718143315055512,42.019366799764725,49.63322163912572,56.36937913863443,91.8875261016892,380.6151936047135,47.14041002002028,34.8081592308016,19.155037536964382,4.648182090235903,0.0432623523662799,4488,5.87329649615706,62.5173708898347,389.94946314910896,35.503518999156505,4,21.58577500962266,0,241.37759256913355,99.21518136703006,49.97416636284376,106.3535007417576,37.796286291166886,75.88800934136394,18.251823835793736,24.793361338079144,0.9663046166634016,18.56140188839654,1.1209673545752938,-70.8706775180039,47.61696402286718,26.366307424030403,123.56045889883144,0.4024547224268847,0.2056760456438169,0.2320849623427818,76.69265157090722,0.6799420606173268,59.56956228553484,3.083895679756002,EV_Charging_Fault
2025-01-01 00:09:00,0,1,433.1677865064557,22.537636875035588,9.76257827824544,32.05152161944806,835.6400108964912,92.14191189522764,12.07846193240711,11.792049618211031,40.71611285069133,49.99851455718296,87.22249015857051,99.70746568227231,391.4133815460119,8.744630866908388,24.520251242798835,9.491387934549891,27.966899024811628,0.0742993951053104,3661,30.587107552741244,42.95051431845677,392.1038700547814,42.18927119346802,23,40.76999275901148,1,223.58631677395908,60.30284733543942,49.62881408791682,154.40920891865937,35.66234108988719,64.7933451037619,27.634129550942845,51.96022491481703,0.96584173343715,16.48229054329583,1.5886397832659394,-46.93859660742128,57.210107887794415,50.93791929313333,73.4099124389254,0.1617258414362398,0.266642030934579,0.1540450545211095,111.7439536964405,0.7736703123090546,37.10062343909126,2.967533609547296,Normal
2025-01-01 00:10:00,0,1,413.9492531059296,17.41473402749548,7.208816143720171,35.43610388971828,584.1455767968845,91.16530714031188,5.54502157042617,5.171778060275037,47.75506935249077,49.92135597951384,91.72545445820413,92.802852776124,347.9826603713063,47.27560076318901,43.38086415901057,40.71501534771928,22.25721709119541,0.0557362109168386,1062,32.41327639093507,63.11819409190184,443.86297111741175,45.90218698339045,18,44.499469746869885,0,230.3949326755599,72.23160097219123,50.11168217551002,114.13311480022698,47.31566697197728,87.45631276538573,18.35053045671043,78.10528586555826,0.9781670995901988,13.630939643494973,0.9091480240268452,-62.67553364924622,52.084135932026285,70.88441943581674,97.8180545132105,0.682329137265082,0.3224779489579208,0.0837180847910626,108.69151353652848,0.6122710007925573,47.72069574785434,2.8257835307153165,Normal
2025-01-01 00:11:00,0,1,420.8137638696844,21.73759450691633,9.14747896192844,42.76170653587003,583.5675616074358,91.20191577946407,12.839403089141,11.8648179650379,48.739758357433104,49.76018633403555,51.39219528457096,93.8862189964607,384.03263960672257,57.670108673819335,33.80637302507028,28.748617095278767,14.582252988286688,0.0655253654196154,2226,9.68455737850406,57.36298024354584,395.9867623910899,39.49434306644975,10,22.09158257022301,1,231.5012308349176,71.45987584465999,50.17291875481569,179.29494323240377,56.18357124651074,76.04015050916198,12.748502147815866,30.295189617730337,0.9718680603960076,17.461536102636742,2.735968637288844,-57.48667064940632,41.533712979060056,29.857537699995124,89.64467269272542,0.2759105376178474,0.247291529363431,0.2870071144375897,55.55741426815054,0.6743822766141069,49.99155415326875,3.447791642093985,PV_Fault
2025-01-01 00:12:00,0,1,445.92878225761376,16.409219354648098,7.317343204616294,34.61699436354223,760.4905678915085,94.53050883271509,8.622099995901701,7.992080168423095,69.64576286941725,50.3115157292978,76.53868395200392,94.80308153170144,374.31518536205607,62.44610269078339,42.759999372750826,28.417258620075764,27.31648229708869,0.0409315489384235,2497,27.187024246109363,32.691821459604256,391.6044146168863,38.65688912983887,19,61.51490849798381,1,234.6265244195993,111.17247447633208,50.06734365390685,73.25104389923476,45.4460832262347,83.12898735397343,12.728078762674926,49.34228902004112,0.9360342684872316,13.266498560070694,1.140211480443604,-42.57073608162914,51.32234491014486,57.3683941338675,84.50671703847141,0.2594891501443885,0.2477504609054793,0.0939939269570997,101.85309804128332,0.4025201281809876,46.726519920101794,2.3350876722699523,Normal
2025-01-01 00:13:00,0,1,448.1556752581037,14.071210225022064,6.306092720093496,35.536171954559386,221.6799388355505,94.61115515505976,6.1805111881572365,5.957073705368696,42.726857653957815,50.05381568872171,46.04640780199813,96.64198664877452,355.8444465893572,28.726953722361014,47.82655252120718,31.55863221606197,23.980391287031583,0.0262032066014027,2319,43.05858022444514,38.80313084822818,376.4822582241268,31.86090047109996,10,54.64422822139311,0,218.47715196325825,43.39784621006227,49.90691894845958,74.43409292988044,47.891314633282114,60.911142764360775,44.22533652145711,40.85076892036575,0.993501741699368,19.1859215985216,3.300757648434015,-72.31135554335333,62.67105862989491,22.752342478557143,112.90590055745083,0.632166557710612,-0.0360278371920966,0.160153274916785,50.08265256699534,0.4818694458406082,62.55664436141383,2.5119720068759284,Normal
2025-01-01 00:14:00,0,1,398.9467214595057,18.2176520568023,7.2678725607512975,29.99867709579864,268.7705418717418,92.94944160549784,7.088345489106139,6.9520895790612816,39.58663769270811,49.80618165541208,47.43538587745738,89.54879185041706,361.1915599203615,45.66021228998771,42.35584405331915,25.15568676262573,15.592159231042384,0.0196444428866012,3271,41.93897757648887,74.05566092965579,440.62651702398944,38.5323093523478,10,44.92217819356768,1,216.6001306060241,77.90108774295848,49.92501606044153,110.33430729729388,36.26825702272526,95.2118674057409,46.935488001324494,53.28436940049069,0.946037371272393,16.495537387932956,1.5680892691316803,-47.62751275066158,76.08983396589656,29.46584564735082,137.6130078211419,0.057086524128714,0.3084405226590797,0.1544052168307721,127.28844466540475,0.8159731555365295,52.44481634942162,3.037300014300408,Normal
2025-01-01 00:15:00,0,1,429.06478187617176,13.324388566061115,5.71702587373037,46.14178264446619,559.4281176897568,89.91352920592782,3.633238312063346,3.434579766856892,38.598817950292826,49.89360761459705,88.47197530354366,99.6989270025152,365.6377559158248,44.54862244349249,57.858243394420285,12.610903787060982,23.31370488069573,0.0425615605610903,1519,53.73561994915654,47.46934018300203,364.1197398559906,31.87855932775322,19,36.8575778697511,1,227.06129581729763,123.5183616706446,49.902972578357215,109.44883347003412,35.67134308838642,66.05850570888454,6.669678379060379,36.4789329967548,0.976372747479422,14.847812921921763,2.35216829455118,-64.6074296063967,66.08477609437688,43.0982371297472,138.62296511797516,0.4510320131942081,0.4476597995758541,0.3187113910183734,110.9091594215283,0.6012160551245231,55.01862258160635,3.16526292268872,Normal
2025-01-01 00:16:00,0,1,419.8039289361672,20.43620249393329,8.579198099488297,32.71522163402708,446.79221991639406,96.24239362058054,7.262228464639447,7.10807098427892,48.12641618712016,50.18308721006698,87.47745652785258,87.98383673313816,388.93142345084095,18.49528881958181,26.25719823922592,19.17740237267441,22.962268014300324,0.0597406009150721,4298,37.19215506596439,42.47686770219616,404.71902797137705,22.6487158683004,0,71.6775180754441,1,236.99886323471992,86.29520050553337,50.12588745640428,128.1065476821946,44.66592207035495,83.22632046596733,16.255867984347237,58.28888891437819,0.9834884206155728,23.081801123841835,2.307795994740196,-56.50427126705142,71.89462912135798,48.55776844706353,65.90165873014385,0.3763937010062205,0.1351933069936349,0.2936522249447618,86.66271085344779,0.7128735661403334,59.0760360146421,3.660489068104294,EV_Charging_Fault
2025-01-01 00:17:00,0,1,418.36160379740727,15.189749002241031,6.354807753857624,42.89161824227177,778.5618331488184,92.50612294155658,9.1693765832708,8.949691621289942,56.103282289734615,50.21435989232135,81.07888170758737,97.07329688541004,398.1510775433811,48.26202011253623,41.56312398752594,9.14207062172207,21.426196018452785,0.0672455901945707,1201,39.56578214713863,90.0148001804155,428.62816561620616,34.03773897329022,19,20.484891613439217,0,229.0151178098417,82.46554103879876,50.06000147160713,90.63254866380738,34.05039508044733,63.59332101364781,17.365179529096782,77.8782951448652,0.9571824714778596,16.407507521708165,0.3309387825948497,-71.68938968678314,73.56717132993742,23.17397080261296,170.0616873324587,0.165002481798348,-0.027655549372094,0.1335828587445656,75.55069154843345,0.6398383517780175,51.92059763613507,2.0996395302638464,Normal
2025-01-01 00:18:00,0,1,453.2576987607679,11.599876483068083,5.257733320624589,38.28336168842162,472.9939811196973,94.37562986386136,4.073909480523067,3.9598371446579432,39.514717620800944,50.106099026836816,67.18921641409186,85.75694267545565,365.669571253172,55.84644733645324,19.32877878330215,19.6182537852038,17.97077223961099,0.0463578118935967,1103,51.51008998603941,57.328675170806896,407.00100652474447,43.95788445721045,16,65.34322494577188,0,257.44625025275104,77.30184025712657,50.36287324405134,28.004420545780818,40.95956523008994,66.30326118993003,40.278494797762846,37.37289370223343,0.9482107038029964,26.78691444042748,1.7387928329907725,-70.1163415196703,81.36023218101865,62.28595399673526,102.45721855493954,0.6119533860402034,0.288220413051011,0.0240592580751903,49.18559995375738,0.853973734635205,63.59718668490706,3.86732345968096,Normal
2025-01-01 00:19:00,0,1,414.0615465026519,5.0,2.0703077325132595,32.43081548469684,346.92407466617715,95.14716646927216,4.930987051579464,4.537402916822906,43.065952415344846,50.31852735142375,77.4683044582137,88.36346959065976,406.6947852363815,45.113999240273785,22.87476527300981,16.948272627882535,23.61243228006072,0.0511248568649531,2731,62.09733580497381,38.86250158979851,430.5054093999215,34.90246182196038,0,60.47414296811896,1,230.0344540722464,98.19052915545578,50.22465161538744,125.09430031784196,34.56763033708922,89.25306837053081,28.02609091087792,68.68489633072508,0.9006431989478979,27.1301929080103,2.155059919213272,-59.14946235040302,37.22967519011336,79.56522580942388,160.33740798823666,0.4967555815361535,0.3794117827902797,0.2188674374143067,71.70211290331326,0.786988659899652,56.16403657877352,4.845976616247604,Battery_Overheating
2025-01-01 00:20:00,0,1,405.61057241812193,17.49177472454163,7.094848758630168,56.86501690271601,1066.4121922303884,94.37455802314516,8.00012476324754,7.904697598747483,33.88349387602618,49.81439821561165,73.96335404514268,94.5172165217676,385.3374187476298,45.60088330428881,36.362185252404416,16.8965452171193,16.862751060751513,0.0228008042227087,2140,30.45755298730089,59.31302598588126,432.8800128832548,19.609922439165864,23,45.50803224000127,1,239.08516550389763,93.6270547852996,49.68325128298625,113.26877244396684,42.182994411035175,80.24857322711985,32.47138502410516,36.68940112164418,0.9723038574947264,23.94972628269779,2.341923242861525,-50.06808621930913,44.31930372935091,20.384973416148576,130.20277853418693,0.4758644730697845,0.6194675636783447,0.1980186879189637,54.61703082434095,0.5420648113864185,38.538139914951806,4.752266805235621,Normal
2025-01-01 00:21:00,0,1,399.6252173907872,19.28280995895659,7.705897121753264,39.26122015806704,643.5559248783661,92.80210655991668,5.1448275555825,5.090635680530038,38.42150209182034,49.89651113406599,73.14934413326013,89.57870453455428,394.2187556630502,34.58141761501164,22.471376705320395,29.65470739397016,18.61845222567904,0.0193666182877051,2869,41.986984604383615,38.47420233843216,422.2751414714904,33.08758953757637,10,42.87704915376404,0,226.4155861361625,82.0065919488333,49.98762582432328,89.72662450708592,44.8509197089623,85.52525163592202,24.46075829350345,31.70001924028896,0.9094671215358918,25.89098703975854,3.855712043958995,-63.487528694965285,53.74342459109255,55.4860067794643,147.48133077857213,0.5874003925156993,0.2316597669486552,0.1554001798968452,79.22322893816317,0.9209077335695516,19.23675829275649,3.6988828322348337,Normal
2025-01-01 00:22:00,0,1,415.6363267198589,23.3509455125733,9.70550121828154,26.21963899742552,716.882051171981,96.15991918711715,10.848546317595662,9.9973332173706,39.92176973433292,50.25013580739781,28.51475323709007,97.30682758005877,397.806577681256,46.60471181782719,27.88521251179199,23.07705911058685,29.73817956220467,0.0354766774751571,982,27.17861249331865,64.8170274385337,384.1554477202504,19.88067085563842,22,67.2370147927229,1,238.48233517907,79.38467063677763,50.27309030562944,101.65893165006383,26.97158478891921,74.03483663964988,36.258850569590905,45.92761123544758,0.8538123796852232,21.84035820187468,0.0,-62.57212605322389,67.07404989022946,48.286297372872376,147.9847377738834,0.2908760484672274,0.1429547441687139,0.1591558214747944,82.69136833402524,0.724799573596535,53.85140595379139,4.212344280256634,Normal
2025-01-01 00:23:00,0,1,401.6188432805461,11.059957742997623,4.441887435474425,57.71369577814106,343.8129534466358,95.90797429280322,4.290236348763871,4.004018761168883,38.08276589816623,50.16424935850054,71.66533530192153,91.12539998135912,382.1619189173094,47.67666405108394,54.09403150579803,10.905950773799947,26.20977407543996,0.024897884032185,1534,21.193210543441648,70.44199891969387,405.7187435859545,37.74820574569027,21,5.518368008682359,0,216.8822791613157,81.47434370624137,49.85982354271293,150.8218377373567,33.76708338714173,49.01685105059462,62.14917362859466,41.422629960237096,0.9279387009595989,30.64344221505424,0.110060048106543,-59.65846732607597,73.56343966870567,25.752649303874385,143.0650630872937,0.578599277622663,0.1884952543781661,0.1606897713575727,81.87081302632654,0.4910847629703584,37.89866609381283,3.396037136273998,Sensor_Failure
2025-01-01 00:24:00,0,1,398.3804559365237,22.03679525217041,8.77902853993947,49.52781168136785,563.9043188687043,94.7270414093729,6.962461935783134,6.474742082561598,56.71617273349837,50.24622112286773,83.86460140242679,92.25660531923756,377.90275989938624,58.81181130065771,16.510142708348223,24.406410237066908,18.08517811221489,0.0533057578382679,2035,7.768905345631268,75.83264202808463,367.39595032146144,33.49251690283221,1,52.28464260660512,0,230.1573112121561,86.61013523813001,50.33875435345622,155.62252721288525,41.732407206809,84.09394355461559,51.06978998098844,54.5237469014535,0.8887115328306135,19.908538170352468,0.3168206159998257,-50.27627438644344,64.34908959663693,32.167714707803945,136.737666228617,0.424089327155866,0.1826978656303282,0.2761539168784186,114.4201853919307,0.5469341959801155,34.0406792094099,5.856870198557639,Normal
2025-01-01 00:25:00,0,1,397.75074685832266,16.05136324330061,6.384441718117046,33.16311536465689,727.7306474274665,93.47620948218676,4.147144214833391,3.8380500508511526,30.10839055383633,49.92587705160047,50.21389099684188,90.27775829080464,391.4333468028444,35.610318034812586,46.58334170017108,24.43674168738055,31.46178954064237,0.0526975567377027,1094,29.21139564800924,66.0449909502047,415.6989070151498,31.27676601107073,19,36.44577783923436,1,221.63724803037547,91.15644797489132,50.334326822878886,155.7353620686994,54.92012406078095,92.78672737916196,26.570925022103964,89.99967347324761,0.9451683531852858,19.969533440033224,4.509338959362088,-55.90204717174825,55.87370045539851,44.8753429711269,77.59118147204221,0.6943228664544596,0.2818022965457916,0.2978833917130116,77.08091924042726,0.7791892095494938,32.684412073201585,2.407843811282012,Normal
2025-01-01 00:26:00,0,1,399.23643239733,17.753426981047628,7.0878148507399565,38.901778789945446,412.2516056444243,96.23471628605644,7.879503722570604,7.514961584905233,37.01960781698342,50.2525180898474,75.36644694931206,93.81930914066903,358.4502957205788,27.545503623440016,41.34254386987509,16.105016562709878,14.395825261846936,0.0455118532246959,3386,35.964591539519034,17.568208721141723,436.5790064526521,26.84460739016021,4,51.51834947364908,1,230.33293644844576,93.74386478559651,50.34534263825952,96.37094485042854,2.4361407044679595,66.03488783458944,35.169475361144,52.958556521310456,0.9342317034770666,42.55785342253326,1.0291960739272696,-57.9267646396618,51.26951398387568,57.23328240983968,105.75810233862684,0.3199752739700615,0.3639807132730462,0.2225940793156919,102.78616368716942,0.5972713287095653,39.88049733491088,2.71023649933664,PV_Fault
2025-01-01 00:27:00,0,1,400.97919027456646,18.0231183109659,7.226895386553818,46.50942436985022,793.924504586418,91.90150295573751,7.884490285265234,7.683234001347125,49.7530751063336,49.79186704571566,75.17762447061615,99.69369357837488,377.3074148925199,19.180659921479908,40.02531852902938,20.678043759593493,26.679766070958884,0.0420798956679998,823,47.311225550944414,83.6729009641558,402.3517397635592,33.91825004309023,11,42.13939084403155,0,224.3286023143728,116.80516893838951,49.77484355662632,90.82730278518034,28.065415802133835,65.21475568258234,34.162177316738585,60.115936793307206,0.915035027041174,7.577661420844423,3.047142758822793,-54.99454179024581,30.32591983868628,31.37249146294676,161.07596701227249,0.0304321747518763,0.1893028516885672,0.1420986629881393,48.53286231838018,0.6324014371182406,40.133354114838895,3.121527442100532,Normal
2025-01-01 00:28:00,0,1,429.9763180414635,17.958393437856774,7.721683888349636,43.18381144376187,549.8403275202987,95.0460469592151,6.357123377951089,6.253425455217075,32.99684761616868,50.09318750369173,75.4069957579394,89.83268406168543,426.942255099684,47.9532016952948,21.439454955077423,25.99271976714099,13.908330238966176,0.0477820594916907,2600,43.189620844716025,43.393275749719024,424.41145691024747,38.64297003309763,22,45.29949723450128,1,213.2524047589594,77.88247987789019,49.78502170081796,92.18477073301618,32.107794060508866,94.18339318573295,49.36763754335278,74.57714120639298,0.9651998955944768,16.219753761396944,2.060925153967042,-87.43490311373861,79.2770487434608,43.55508923565075,100.15588495940196,0.6563030394858302,0.2293420242872269,0.1658185278847416,74.13158606124092,0.4533542857607961,41.24819414679416,2.96759619376427,Normal
2025-01-01 00:29:00,0,1,371.0004369348216,9.867993353659298,3.661029845877515,47.62369358922717,627.0765625516808,95.25337134954869,3.818567366806553,3.7470556535535855,56.44162228692455,49.7232616400552,50.05720956115685,86.32276752355344,380.2374026247424,22.44692322945047,46.33310896578766,17.847549644078708,19.56910494345309,0.0381875600211356,296,32.77825544158199,36.69700018207615,375.85731578967017,35.986259217307385,5,47.62417389221082,1,232.99139915002536,85.83217882639413,50.038707631503165,91.30777567771398,41.83936739678922,81.4216382234569,33.166602631862936,73.42884337144699,0.9665927973953008,12.310627494282944,2.347971890765425,-68.32780897615997,24.918157670303216,27.57319386193047,170.62274773164415,0.9220978018813512,0.1783904361213595,0.0138520845759042,59.97996018106642,0.6057198837485451,30.86108206267406,5.331763255169327,Normal
2025-01-01 00:30:00,0,1,402.4561688004119,20.86336402928527,8.396589555514472,39.18378496043847,549.5733469426508,96.75198660150672,9.420079210793777,9.083108949057552,45.69965542769401,49.75920447948668,52.97311117397311,95.0510569831908,395.2160945303155,26.47113199674115,18.7528976122402,12.641935725480868,19.607103793510344,0.0212114366580744,1020,3.395167220993173,74.88299238737616,436.6557612314791,23.25902338841278,20,41.81098439588123,0,221.2818474111612,80.60376070418256,50.60815460912487,111.31859330617957,51.95359952393847,57.781560780150045,46.95171653008854,52.720250555291365,0.914887696905646,12.4356578592233,1.0283829739845038,-61.13888952024782,77.81090445416262,26.44484110583055,187.10707072842848,0.4647822589999442,0.4993722796725964,0.1452867352684999,96.25542958476606,0.3927192425394212,50.75692067712564,3.826512363544259,Normal
2025-01-01 00:31:00,0,1,417.4967523160442,21.33808303579825,8.908580368095848,33.92421981670402,1163.0695461272344,95.53613087917752,7.756263505114032,7.343970886775147,42.35523344797368,50.070488265648976,48.05973759111609,93.7734397146983,382.77943528050974,47.24066013576846,26.183921254261787,9.082980536474182,24.70556471287961,0.0335633571007142,1663,27.58323007826717,60.01245020222761,373.0686450496486,33.27642545650571,13,51.915349268096094,0,236.92768277892324,70.80649641873569,50.10426815976318,80.64605890370615,50.98393570015007,82.78461238844018,26.31411571460413,37.63416814533877,0.945879016414064,24.61283344921923,2.7382577853155654,-70.68982349952427,66.08613748686963,51.327495629325895,133.60188486806732,0.774260435061157,0.2175778779872074,0.0660169906234954,73.7368843170227,1.0044511932238849,37.72198519736981,4.167106424824655,Normal
2025-01-01 00:32:00,0,1,448.7156155044535,21.82670925449766,9.793985277568668,39.32286192174372,696.6256938155166,93.04685614294289,9.709138759503984,9.495943029458516,33.90647051906443,50.012937034071854,78.9013510768227,97.74750031579428,376.7134630541058,39.57716113320087,37.83314372209686,21.34382778037858,26.01810596228692,0.0360984763778154,610,12.042016062192335,65.75899412230028,412.9863580571049,36.72905883515901,0,64.71031341525378,1,231.8871934503575,95.99864275241671,50.21504877411604,58.1410226694591,47.973795338974426,90.929021204345,25.05125041241937,52.70985875994393,0.992382736280922,4.26303793231892,0.8268878590919306,-56.336987288085936,42.687011324127,45.04474140496649,109.78664112986525,0.4330490051234498,0.1603818892683918,0.1415059390515142,62.21610548078251,0.7272005695732445,40.99152079514546,4.117501287667177,PV_Fault
2025-01-01 00:33:00,0,1,413.8518240230854,19.949904481385417,8.25630435870768,27.36720499366892,435.5722677610249,97.51851751422632,10.135552883652462,9.51255974036733,34.08925341719682,50.10393749774583,64.03811951539984,95.20658085810624,400.5235287976267,46.019417835474464,35.41306681790681,23.692816677898904,28.189321723550016,0.0507132918572537,697,56.12260437280294,79.61747180260664,399.6441632761979,26.23100025765612,3,65.1429540422706,0,219.0223093746719,99.15488306363636,49.88418457524892,101.90437887911254,63.03946515644744,88.8096523589773,37.41959330530328,54.82228873424109,0.9354543647389926,22.14547646478792,2.8188394222899147,-49.2921375503269,49.46691914844956,54.45437109994428,112.24316901337116,0.5955159695910504,0.1929369240925202,0.1441734453927239,70.65405603459025,0.8064157984036974,40.36893468531317,2.7781185413896035,Normal
2025-01-01 00:34:00,0,1,416.1669158029332,17.171516770474287,7.146217174026628,35.4859380893215,905.6362280257972,96.5372058572038,6.86784458701215,6.396593871802173,52.186822909149605,49.93656387856941,50.21999196202711,95.50124641206877,389.7948380047196,61.45212909254517,15.0,16.888354826955403,20.594089929814167,0.0528911225345374,1698,45.631920538432965,46.96205485132853,401.05862381158414,40.55934076335852,1,39.351964668164,0,224.25338379379292,122.71687975027729,50.31333210148009,113.456691047202,41.18209035617216,85.88164423979394,43.05844067128303,51.4701426435776,0.909201192274738,6.6209008158768725,4.591430181626384,-63.90213881484485,55.10927637442184,52.485307620709165,116.452675066683,0.5499491352657225,0.5599265791473305,0.1584583778643951,77.11036839342523,1.125181122892216,48.12158710091776,4.39368106381522,Normal
2025-01-01 00:35:00,0,1,417.801332400547,12.12794194054947,5.067070302038044,38.49229539342951,394.78908750724446,90.3279407816828,6.815745224018842,6.531963403370772,39.39333886598965,49.594348164595445,60.37038414828862,89.39050588224339,383.4540690816814,32.03705691383703,36.23629778640424,32.00135134030629,27.41088093889639,0.0529761877184885,1831,49.84773110519014,56.0343484777393,393.1957556465154,21.526427992154016,23,46.4108572788783,1,219.00149865135583,99.09894069589625,50.38838738893338,156.9036697203998,37.37332791824497,79.346803181237,11.522210964901468,77.1537407584588,0.9344209389071436,14.586430900280437,1.1036125807394157,-69.33916146296673,52.9230424571868,27.80372070876093,86.66423998755599,0.9052476259935134,-0.0711994304985313,0.140142334100726,65.6617430053391,0.9203620022321224,46.5570494335567,4.179627193466992,Normal
2025-01-01 00:36:00,0,1,374.4078086555568,19.794139977765063,7.41108057329637,42.03121352390056,752.2158987511889,95.57261623924045,6.963904184067607,6.477484549809566,42.84669964753657,50.40606509668461,100.0,84.92683984347896,387.73038282613,39.87027440646376,45.41065649787442,18.214136710078403,27.981614355682787,0.0492427525642244,1623,51.82724129366207,45.43827937383156,418.7097264781651,27.87034023389237,21,30.225527841852266,0,235.58644964990333,52.91705955276414,49.77761584033877,82.51080796210837,44.26339439350478,98.01603811212476,34.32811674744378,83.70202583679409,0.927166863908014,17.614476159473003,2.2420307595851554,-44.45902325406959,56.93246759505666,25.41776426927704,96.10824065085303,0.4275901193825209,0.0974763922735961,0.2194817085067157,68.41660346930826,1.0930783889858149,45.41131256428933,3.3467381131760345,Overload_Condition
2025-01-01 00:37:00,0,1,436.4773275231233,18.15416381393924,7.923880904925191,55.24575376101851,210.08246903005613,94.97432114658126,5.384436452441356,5.078008903263121,43.58152451120212,50.15791682969027,70.12770337283995,91.00370791896356,403.5213919268459,47.48555630037983,30.651578570019485,26.96364750877881,8.125149806761668,0.0519691428691217,4053,20.081026494910404,45.47165049181719,410.079141257315,34.53490780201687,18,69.82269865059145,0,243.67576861325583,61.24470210276408,50.166305935545935,126.36061602623796,14.329844035870895,71.1661703490413,0.0,47.59565855663854,1.0,17.024060827676966,0.9345696103711364,-62.7996305017944,69.0691775901696,53.753792815193535,166.51848921234696,0.1968652320925484,0.3336151730756362,0.205762620758301,86.60757751170662,0.8527007311222735,43.575293566095205,3.198381048494245,Normal
2025-01-01 00:38:00,0,1,435.4355392552844,17.990196867520602,7.833571074317561,28.185582803115985,367.9534877753924,97.33212636793591,6.822466325372641,6.309545576436123,49.67702306504332,49.93493705205328,74.86363358280316,89.017245369511,381.78750650673686,70.45882243271684,38.51921861584789,21.153547492458944,27.86299761880393,0.0586453380042192,2004,41.97708248538346,83.68871929959525,426.89845637215126,30.67275717891573,12,81.67261444624097,0,239.69017039486687,106.37796400918408,50.31820523389686,93.9635790810987,35.58076194399581,76.26302954059715,47.8541733870002,41.91943926944092,0.9037191382553597,29.190599770647843,0.0,-35.61114723360832,56.37389097564876,48.34883658213873,64.35241921843044,0.6226996885248971,0.1528674797345615,0.3034839416430264,72.65622176915518,0.5707447284895932,59.43876705462031,4.063389835485995,Normal
2025-01-01 00:39:00,0,1,440.3624039821668,19.76262191183404,8.702715694085882,53.84409130770412,749.2153089672809,97.20441049134854,7.88095015829531,7.320006757219406,67.07488170081912,49.96978331137806,53.80573981092921,91.67955751887676,384.0776274207824,56.46109446125069,35.28457693371524,26.3634207112312,27.7159703890056,0.0199287071973122,2222,19.74659726199028,49.85908975990673,409.7506198462255,15.473478451822174,1,35.269284798597845,0,227.1209565352169,72.75224706476638,49.80306038039479,180.60805704865865,43.39511695769887,84.45715116485917,65.39649111309758,30.59000510783236,0.9671462040140504,22.39798808498752,1.7605770729618964,-52.97431508701867,61.052948108208966,40.84787473753875,104.42217866350862,0.4040416569251636,0.3727080865915279,0.0576461722531596,93.42285166183642,0.7699694598177285,43.30540456299905,2.755615611952422,Normal
2025-01-01 00:40:00,0,1,482.6462013257072,17.819552002191564,8.600539083183659,42.3739197194145,884.6166449988526,94.30921733334488,6.993487379962035,6.783044852265902,53.90163212952362,49.814201860874384,81.73700178595372,93.11248349623452,396.8529896543865,53.54872062143673,40.18369192846297,16.129528733529256,31.05207119265301,0.0457221538162796,3254,40.291704936858046,93.21630216108989,383.3261909957296,35.30708191514553,4,31.22579278760504,0,218.38730972821088,77.71034318527182,49.793214562577454,160.91159619397257,17.569363876805504,82.9916040214172,11.025773370798426,70.62450923119485,0.975765698901898,11.283027023343518,2.0832235483043884,-50.59466365071325,75.25538215186805,43.15728334233881,97.18761210859316,0.3313692888098897,0.1725687293333254,-0.0193278759626386,60.87138982947111,0.6412506034790083,51.269047313271706,3.305220324935676,EV_Charging_Fault
2025-01-01 00:41:00,0,1,387.53695992531976,16.22392721080371,6.2873714293245415,14.2246236701211,742.8420702974927,91.83417989333836,4.624385771080233,4.258013147354771,52.79456280923972,50.133449538176286,76.60387274596184,96.62164059402728,385.2840438286896,46.19299281539742,43.9766408594143,19.641946149979603,21.756317274936045,0.0688147335019258,2923,20.62149340658595,86.52472211843437,421.6083421760962,34.7520231804266,11,25.29216001755612,0,216.643422003829,114.34543286923832,50.32977204415316,142.82654265861947,39.21687792726012,82.99473974258629,20.828530079761904,53.28810565178381,0.9369879327102248,28.7138961802318,0.0911371941457683,-68.30785198065195,60.68297907918706,31.34710918550029,172.7347816065706,0.6255846443839458,0.2024536924841246,0.1333554894673412,81.92303121089324,0.6579316405798528,41.61310635774209,2.303797336530338,Normal
2025-01-01 00:42:00,0,1,382.7993333848582,13.280114493692736,5.083618975460173,50.53729922937971,671.0879294029398,93.06572878646104,2.669191826109637,2.5838513364966103,34.3598622165057,50.121276759496986,67.59431096531289,93.03876766963708,352.39706826120243,23.78590153037151,29.666248322077543,43.31479941532409,20.234599433948244,0.0525042335379254,2563,22.5026955462414,37.19132011106432,426.6423036248169,35.303565716058074,7,34.45386213283559,0,245.2814292316164,109.95514778988202,50.0379973528032,159.30003485899942,64.7215245516577,82.80464949035212,40.81171122866562,51.117111295108586,0.928005172581044,16.77406490764758,3.193033867201345,-44.81219050178039,35.134051443368605,57.60585248320015,83.15009632953928,0.8216397583093386,0.3185027183448395,0.1515827573734207,99.09974511184711,0.9734503401014876,53.240641926278165,3.511068692948726,Normal
2025-01-01 00:43:00,0,1,437.6466828649747,17.976582856766996,7.867391856511446,37.04855277191673,624.7240761026778,95.32088388834056,5.792310897953542,5.387002436982926,40.98715888059834,49.77285507555681,87.1563617504923,90.33398396995652,335.19906788834555,55.52851572749215,18.38378732028643,13.584696337973655,6.31194497388805,0.030700372595376,4548,51.358816351682336,35.59735321590226,410.1904249622047,35.511229206715214,4,15.786906172429727,1,216.43106637896528,64.88734367455456,50.24161425587517,169.0522781153843,28.891882064510888,81.58513554661499,45.80804871694494,36.20399398340114,0.9073134368391744,24.575200866842103,1.2837184197828404,-58.71224786245846,76.35717427174583,38.26261953097813,110.72802306737609,0.5242342011598337,0.3378212346056697,0.2838613300659659,56.877441535315874,0.6774309436309004,33.37163705647567,2.8798630472841,Normal
2025-01-01 00:44:00,0,1,411.5627724703577,23.893476028927218,9.833665238419318,53.336620338276674,330.36950240814315,94.49982293274893,12.283525968588416,11.31755558956611,40.31721779105489,50.345874128000986,49.04206865058949,93.05408310223264,402.8693209774238,37.81586695458802,30.84166576456939,9.662347027582742,14.896605647636632,0.0501182540052152,3975,8.721670558706002,63.613442567910745,424.52994889438907,35.85818880222908,1,46.99323697862207,0,225.0599599563241,125.79059427267318,49.44675872275312,96.2165831692609,18.322579269660707,64.15503246638838,28.425442859701363,31.501017221558527,0.9297532981322084,19.18896531723285,0.3464152185845615,-52.7801993111956,50.69842123859605,39.80354933412774,118.7373894379172,0.4431006598497292,0.2141730670328927,0.124254059167913,107.05189805805632,0.6481700133854518,43.46286911647995,4.863142443078596,Battery_Degradation
2025-01-01 00:45:00,0,1,395.3592936615765,13.589420306873876,5.37270361379594,31.939373390775582,520.0389479013229,95.62693978699905,4.224088194427383,4.026531867154641,37.279031931701184,50.03632502478853,73.28911589691566,86.20073579888276,407.11871278286384,48.3633737146178,40.49463382922913,15.88050120101115,18.767354372625043,0.0205199596830074,4419,49.68777379490246,37.13850161079727,384.5976664708742,45.50360231389814,19,34.92140512489246,0,218.4082228351444,88.53599193671555,50.39988833626425,90.95371995881354,65.79073656765948,72.71394034615959,66.49140966707333,24.39523473330499,0.918779569624645,21.519803236859424,0.3981982105783741,-57.22602690221615,77.85911183173435,45.16892546728127,123.38113682960407,0.2408175748497452,0.1698339537803868,0.1512108626259026,70.10957590908785,0.2841654898488983,49.19618091940232,2.888222642708896,Normal
2025-01-01 00:46:00,0,1,412.93593830447577,22.012517008819525,9.089759365480123,34.15458390706439,584.8403072600531,97.00969456377466,8.325795824228454,8.040976184555223,51.85299768843564,50.290625398004565,90.08847076978876,93.1506874765639,387.5820250122019,33.05233004269204,41.37333377083712,11.739510221250072,30.02646741499204,0.0366967141029612,2085,43.10317249291356,62.26671487359256,435.4084297535336,28.330309121409268,7,63.385047448066416,0,224.89560205935692,78.59012814947674,49.47186881830287,138.191623094749,51.4837041584708,77.24051686556713,14.999196428501463,33.69536882637506,0.9555026942701094,30.50014903609103,1.2373197445351067,-73.54815095023218,54.07256865576984,70.77210273966685,70.00826254099042,0.5434215392831504,0.3748833837244859,0.0185305054961606,109.03092455284578,0.5739354735877849,49.05879135245591,2.797434506772404,Normal
2025-01-01 00:47:00,0,1,404.541409372707,20.85810244874685,8.43796616145636,45.85184355356253,964.280556554729,94.74093397201274,9.18860974325313,8.692186198768065,53.46855348119499,50.17056085034068,94.620331002296,94.81333768790218,402.7207551517788,44.420872742091824,45.59011705105578,16.303523714736535,33.842822219609104,0.0572990258530719,2232,39.11465316300924,38.78281720829945,375.2173839400376,50.06981657931706,23,35.00041653985409,0,234.7043231817441,96.76315196916936,50.45962553002151,116.8323726170258,54.287783130674754,91.48572296408388,61.36075380477894,74.77795512283339,0.9677165084684012,20.082368190549097,0.0,-68.69873898556128,56.15820875610256,54.57028305582424,159.25784858485468,0.3504989664884983,0.3881295414590143,0.1279134815227684,92.70765637663143,0.7688134281187536,37.64808831070873,3.5580230365226884,Normal
2025-01-01 00:48:00,0,1,463.1194266949292,11.151574008370527,5.164510561502632,21.20757589019721,785.9045723921154,93.804578336991,4.648063686466864,4.3863353775805445,54.67461307806072,50.05507318764277,55.78501285301557,100.0,380.5034516050875,41.57812644160508,29.57064994352157,29.49162755453424,23.138355527705247,0.0524410279846457,847,42.44703497442292,47.011570193249,387.8077925140126,36.35527370477324,6,66.2963315099089,1,234.39191951007768,84.49824975839826,49.97921294550028,126.00592722123298,40.221245696532456,74.04323279735885,55.2312749049147,43.176370078128265,0.8890502428405748,16.578710021311718,0.0,-68.85673416262658,72.77584988130168,64.04472619081301,114.82941495585688,0.3720539102220039,0.4912951841919233,0.1272470924458545,84.90730687084,0.6078344602254367,63.2126451429734,2.9058906926044177,Normal
2025-01-01 00:49:00,0,1,476.5453076005825,20.43408174697789,9.737765771649029,30.92617273825277,259.2399611593165,92.04756721164158,12.152048518716388,12.028247078212138,50.25561670947948,50.26267073935052,60.56037135718233,94.85998548024808,388.881920138006,51.66893941874605,17.323360074210367,25.17843815453618,22.306194856489245,0.0352322653896347,1332,50.70195563139603,67.26747679425466,420.1913576405268,32.042654564215546,20,21.03173505606971,0,219.2313196252934,75.68284900353677,49.82204240581402,57.9921382230465,47.38754284702996,73.55821208045161,9.019010807847753,51.46477407503887,0.9316714978881794,15.201707931787755,0.0,-50.686872113202746,57.8643472919505,48.37583502479204,160.3887450309678,0.5031122517833808,0.3236790105674363,0.171974392230941,70.80619779361803,0.534637154498816,55.24795153902019,3.654604990411584,PV_Fault
2025-01-01 00:50:00,0,1,379.11096771641337,18.07252890762087,6.851493923251003,22.871578797651622,781.0209923486988,86.02724637959065,5.813803508129034,5.650025386317305,37.90545391223214,50.2393967986541,77.23457572902917,94.06702993760068,373.8469799960317,52.69242256685887,31.819762020097865,19.20122260295152,14.748411495121236,0.0500174654342621,1062,8.898056284100203,56.322685688315865,417.1736438986114,32.693041347935925,0,69.74684525814767,0,240.62065937561687,76.80793932378423,50.25013440375268,105.68407712215463,55.21951285161121,74.99654670650825,54.127995925605134,31.12492405157719,0.951796778222568,16.130145887449675,2.672610475684505,-61.30228063604358,52.21857544042709,57.06679447697445,118.8601061602931,0.6016537264646769,0.1529734532208868,0.2092568948190434,125.30831926292797,0.6122352479825641,26.53170126486641,3.2728583494920733,Normal
2025-01-01 00:51:00,0,1,383.0862796683341,17.666190615330034,6.767675238738421,28.23720224574957,603.7294298959209,93.09289450384368,6.485418668741735,6.388857171013791,43.7521440591991,50.1033298926926,91.09300318337164,90.78461807814872,371.5076956390734,48.457162914359685,49.58838427582111,25.04141405641119,25.52707843670473,0.0535264390267465,1376,32.07954147201631,33.32969855079534,394.89669199680174,19.803963124507668,7,13.812724794111595,1,237.1036669517452,102.14447135385596,49.96627357373927,130.45028902394745,48.46531635596658,77.03216052695852,10.277025639510104,45.68415713772151,0.9303399842552316,17.301992528468034,0.0,-65.35177283086176,35.74986399658307,49.689526752790485,125.53803644612384,0.4056683965207021,0.4936217170761838,0.209859537817811,77.42088249040728,0.5464471916235499,41.69482678399065,4.5288146517540415,Communication_Failure
2025-01-01 00:52:00,0,1,401.0157998842024,25.98485809717885,10.420338654717671,54.30547684444809,530.7694999235104,94.02308256045146,8.952029112513582,8.381057675322603,51.48544709100543,49.78372007961631,82.9973381576696,95.33627400435164,389.0588469143107,63.56867337477848,43.53137993842616,12.59466414656148,26.041195875773536,0.0352457698659805,3761,41.3866658982364,61.7233065352582,426.2527437042404,34.41687155115077,10,5.924725044217176,1,227.1248715247452,109.57071281997833,49.93767120068375,92.61945517542706,26.44199978066171,77.24364479599457,62.27073746494831,32.64356180142932,0.9575801233594572,16.212363323588328,2.8813793569616424,-75.29498594419763,40.6970952083993,74.86855720979526,121.29922082491284,0.5525592042547955,0.2286715983738543,0.1045619461200693,80.24943746191221,0.7437199711866602,45.04335795259439,3.31179979671363,Normal
2025-01-01 00:53:00,0,1,402.7617989580247,21.76529110705836,8.766227801123922,28.28756151376521,852.919072210217,91.26087478971796,9.045856417519794,8.712566628105126,44.74340492332281,49.82654374823173,57.69788623772151,93.90507000091722,377.889495795578,56.38314189138768,42.546795130958,20.031016706794688,12.769354488167505,0.049126101197757,902,35.17912387157756,93.76329675799062,426.18203114871176,31.890902137746053,12,38.455850429985816,1,212.98425675836995,96.43793219298546,50.417893422518205,134.9414178795537,30.09167273437703,65.35959231005386,42.864920532641584,47.49985289642692,0.938785191182136,21.844033876027684,3.3935108601378534,-53.288814578827,64.83322367232307,49.597474862101286,138.67563931253747,-0.0122075681120357,0.3432830522947748,0.2119319797791929,18.475875770016785,0.5526880685526204,45.59070845880118,3.781206122750657,Normal
2025-01-01 00:54:00,0,1,400.6184888325395,14.287499906677464,5.723836621808176,30.57753529223438,957.7498806239878,96.01476968034306,4.753752707140964,4.520188882510288,47.4033748279989,49.7708376299342,94.29870401441028,94.29562882051616,406.6496358307005,38.3859202226172,26.139722438911857,16.38736476425322,12.545629198150362,0.0310781183985051,733,45.08884644901388,70.57053778890068,389.5603413717844,31.932299980524466,9,22.625663672047203,1,238.14132006913755,89.74261986057253,49.828075377657015,63.598683285538726,31.674512969715,60.00393485518964,36.186661264887896,36.58113773864002,0.9766697669438524,12.861413965518938,1.240332316854381,-67.78352315814553,49.26691146927666,49.00624924369774,115.50399263230194,0.3627213380794117,0.2082644888864763,0.0695439327831525,58.53426453670934,0.6274681207014305,25.894385396997844,3.4996418865622774,Normal
2025-01-01 00:55:00,0,1,415.14414551141215,20.558946960916387,8.534926468704077,10.0,932.8200297790496,91.83002431725824,6.095330992137194,5.708558312771627,53.993999861912606,49.95923879421054,78.18476088420321,87.22978429490591,403.7273925686293,36.88680632911196,28.0825220697416,26.4704241823774,13.993882025132628,0.0177793927503871,4175,16.836477220258043,54.55426450386745,421.1911012058458,31.02998276115633,10,39.37138587469911,0,221.5407173616273,76.19757556157157,49.661688142271856,119.75229968687506,48.49967251962454,63.85277491350131,27.967357009979583,57.31264759854364,0.9349474083769864,34.4013808277107,1.8748979392895853,-62.22979694894322,64.29610978786876,53.15853651522441,30.09861895730296,0.4508392815965175,0.0941177150513822,0.2390470254147129,96.16997484609271,0.5762525073190807,63.105471150355285,2.559724979527086,Battery_Overheating
2025-01-01 00:56:00,0,1,408.8291299819515,14.332619981843823,5.859592557539145,31.56343070120582,490.19561919434034,93.89928339040196,7.12004793337531,6.5686124842187885,73.38748761615871,49.75706191894208,71.13266901814258,87.93405846616498,390.66065708037326,32.4603800897696,51.5781465350864,26.500763357855625,15.180057275614264,0.0477024762699465,4712,52.97534974305088,40.64476704379646,434.5022980309926,29.626448137477432,8,42.22112716026629,1,223.8694825616057,48.76273834381598,50.01234588168538,58.67537051346479,40.674184456434766,68.543313897605,39.68622488557769,38.152136782125325,0.9650065653259788,27.032377411302075,0.342887179700448,-60.96572878439026,74.06673110173742,42.59875611544069,93.62479732460618,0.4449634142289412,0.524542954137537,0.1942935491103072,62.57745562224237,0.6091973694747431,42.21119444464284,3.565175182796761,Normal
2025-01-01 00:57:00,0,1,386.15968517761706,14.501009743804794,5.599705357425217,10.0,622.6969060371964,92.92888549662791,4.470222492643659,4.3124050720232985,47.59500259918923,49.84114571607232,86.59658516133761,92.49758864492816,399.749989775304,56.85445672067065,29.53016162804242,3.99952596193841,15.325566530879629,0.0599330510626643,66,35.6983870684392,13.677223715340652,379.322422510048,38.16231774987089,22,58.41799481637921,1,229.77978941792847,54.10394645452234,50.1753884815474,151.96993610651305,32.4171206591156,82.20315662877546,34.02439419948757,26.683691936919644,0.948258584915934,19.61644225145541,0.6257402142420042,-52.626716790136406,53.96344363208205,35.65538334283472,123.14433382511952,0.5610896074806486,0.4641716148113701,0.1001532088091506,70.66872312458327,0.8095760599262991,47.001180131788566,2.6176556432005635,Normal
2025-01-01 00:58:00,0,1,394.32979397840046,18.64162555856864,7.350948365932855,40.94326338923151,782.815857850891,98.969191015603,8.075378913370152,7.708990209519008,34.59132985366723,50.09311646335357,77.93668679649133,83.58993249588184,369.77007469538,41.29822868140064,21.709518399999183,26.50583315186905,28.849703995832087,0.0410389292306019,2109,41.86417165775595,45.208234184283725,416.3727161657165,42.14788011073899,12,50.36095571979952,0,240.4752223846884,52.0081629051787,50.146284906141766,107.2790064659584,39.61940043023774,83.70213446589132,38.5947653494829,34.947924954917056,0.9540405300781084,24.991528517142736,0.6415259769404026,-76.71929826033978,57.74692893609354,43.54153166708296,68.10887015041314,0.5515646992007471,0.1023403862233117,0.1198686845856691,96.94052627771322,0.8320503497652016,58.74594436419369,3.275877244993981,Normal
2025-01-01 00:59:00,0,1,458.6584708052391,22.694869585781213,10.40919417933874,45.75944652067589,943.8862817805898,98.59977631352164,13.75215991431348,12.965288540185515,51.21290530326314,49.83370320442003,72.04175182962473,98.67839956213814,348.6308185596668,54.79375311137758,37.425031022102615,40.39881919526337,12.90388874168718,0.0556608822307714,1387,22.56743770723498,39.46450153149871,411.6556916010746,47.352611620387925,9,72.02919589149957,0,224.3742987051289,83.74088160650939,50.12579254256405,135.34426536245772,49.10660489171367,75.31770781625545,30.75404507045959,56.251207696723405,0.9678369773086538,16.733051755842666,0.9595900516892344,-56.48972602196707,66.98682439024445,38.80212076090937,109.24572576222327,0.3361364271942112,0.4158337654090175,0.1002815219830199,119.7713002212655,0.9588490569493384,60.631267246039165,2.101150237795733,Normal
2025-01-01 01:00:00,1,1,411.0637938316329,12.050944808680727,4.953707092311921,42.42276486567148,580.2064405386775,95.94738814716324,5.863492743618116,5.404320321772566,47.477238946304126,49.958388763345226,68.00934185093452,93.70187445892856,376.544247705039,14.331822758610166,31.91764729061247,0.5394737004837964,25.258572129203184,0.0509991301896267,1949,36.25125531031752,70.29846569604322,382.38869169847726,22.98159848492146,4,40.39691156582974,0,248.57210184414328,92.6585473216189,49.77155698605853,90.2929331886558,44.238380111410414,89.49082523159657,22.61278416842906,63.47759272745933,0.9553137789193288,27.31328691433162,0.0,-62.34237922425629,72.53580386329065,35.033318531983454,88.98753900596074,0.0684501510121451,0.344936379641696,0.073496996321532,96.57858254938124,0.9394364177379784,43.36832270637893,4.832264273374102,Inverter_Fault
2025-01-01 01:01:00,1,1,409.7842277093503,15.984842539374974,6.550336355053343,22.78608629470236,653.5852558340457,93.97236050064328,4.598645711094618,4.52892921415546,48.8475468158526,50.055194456361725,81.08793872027232,91.0796370641588,381.83686896017866,46.51089510335298,57.40118726990865,27.098954335657915,13.986360021128649,0.0370819244159215,4042,36.998095581621584,46.05966252435978,431.1089305814304,33.35133380083762,18,43.73920015784962,0,245.88191343542948,89.37899923870421,49.64549630441919,115.39865480602272,46.32446853045576,71.40614875208794,30.434552114300423,43.27517092833497,0.9328365674348572,8.871506362280268,0.907301209325696,-51.73310065859428,63.31956430210745,99.95369645919216,113.3689766310964,0.9159225888961188,0.4078865113472138,0.231696983148381,85.83044455522817,0.5399214623804685,52.79954038422772,3.397586181297655,PV_Fault
2025-01-01 01:02:00,1,1,381.9890713543132,22.70333624654653,8.672426329463029,37.34068722941379,423.41625649849294,95.37388462511308,7.417427232003642,6.947553376955889,38.30124705428306,50.0253298418839,74.06850348933214,98.5429615084387,385.7132165631541,55.58280504094149,38.622953754684346,24.365249611657305,18.359851219324625,0.0548036101378222,1859,48.39080732289233,43.4770754804855,438.7118234757296,39.64088640464969,14,43.01686644739198,0,232.5926974359755,97.13005070240976,49.89485812817249,171.80514771454392,52.37015339208428,99.7860538474946,45.68293284823985,46.096620794364426,0.9546622776215078,18.534819544563984,0.0,-58.76923378825883,61.798253115838975,72.09102492103736,100.24009788860346,0.429021303852332,0.2220479265778101,0.0823878091994366,109.73387567056656,0.7216757820022384,43.44814693336035,3.036306446746405,PV_Fault
2025-01-01 01:03:00,1,1,408.4195818173959,14.236678756230098,5.814538384088101,42.40595611722014,400.9483439798323,93.86749451363325,6.954321452423974,6.694302785971913,47.98942830382552,50.03980344885582,81.32841693175592,87.63498879736689,395.48406059479606,34.81080233286683,38.261976936592696,25.93538549456699,18.984870138690702,0.0316868570154995,1797,45.89802190587791,37.26149285519246,404.00126420299455,33.233758427601984,22,45.81905721297738,0,251.66619261679773,92.83707165980604,49.97998681849449,145.7722146953693,43.66534740888793,74.6471243110432,35.20065582602653,47.65039825916337,1.0,20.72055161307232,1.4987374109839082,-66.09650119118571,56.21470729565367,59.681710124989976,132.1276913024843,0.4571499419347464,0.1320981633175252,0.1719570618696064,77.54388110265262,0.608141467520829,45.67914003065261,4.30083998321347,PV_Fault
2025-01-01 01:04:00,1,1,444.0225607391896,18.12560656917505,8.048178243796183,34.12485882751286,903.1314555985496,96.74397666603625,7.690863712725923,7.237196495098804,38.81658584896229,49.87532144271133,58.25840366476811,88.98419257188411,358.9889106034641,55.71219038890655,42.35860112622486,27.78437178654636,31.34452772758376,0.0743694625150249,3903,30.35771436334041,113.34920023319565,440.5645836247187,28.79105574201052,12,42.09693329644416,1,238.6250526021624,83.75609770157037,49.927679812010325,157.47715351965917,41.83973304923285,68.55278536676825,42.59130409520809,74.80370242130638,0.9038307077789202,18.66326132101425,0.2553386316726824,-74.48181568247324,30.920348747375307,41.11264189019845,121.31239166116436,0.5781944833636994,0.4652975761007256,0.1936231927626719,86.43667857360448,0.9567260450536288,42.16876261348947,3.644408431407041,Normal
2025-01-01 01:05:00,1,1,434.8887869617352,16.757362705044304,7.287589139474538,25.06614593503752,1039.0600071427057,96.19422905575848,7.221758699035983,7.023473081576582,39.74024191888134,50.17027356490177,70.17041990241533,92.06356905997478,353.9267943009352,36.03529857852731,57.510256988299616,16.621466806197706,18.309026543274225,0.0617885315144582,1092,42.26499907185956,84.47262042033842,405.4303129230081,33.41139513272604,21,50.71797254937278,0,236.91233588783012,75.46424243919864,50.01863826800968,158.82357848584525,22.1591471545255,64.04233099339598,22.566125541814973,59.789598185229146,0.8822728169373949,24.49836438322781,4.171684522928794,-53.75845807942126,37.49012427459098,31.7336748712095,134.56326093460504,0.6378978641794864,0.2016918205811009,0.1928317899760279,58.85933888153748,0.9062608575648432,58.65664847627428,4.177811035499146,PV_Fault
2025-01-01 01:06:00,1,1,440.2774824493389,23.106149353884764,10.173117266626804,47.47176086876495,681.9974696049165,96.0376978843182,8.582226370977567,8.019019849939644,50.444790359836894,50.27290528725928,38.238703712280845,89.8388614770773,357.8764585433584,60.95250603235944,21.15445564116112,26.74003454338768,0.0,0.0297750121076575,2308,48.4136278175388,55.50937848289312,398.85866238509817,35.90549156365975,7,28.78848319308172,1,222.028443575086,108.9783031662826,49.667356152649056,44.026775279817485,41.00400218802553,75.75886595209813,34.600761065348834,51.059574032224354,0.9493192296442328,12.529320144747349,2.0429068650708886,-69.61338630087077,59.1146511352192,55.19852033499972,84.51687955302789,0.6408702571787243,0.2912253266810909,0.1126134510627088,45.36474534287338,0.6584187444816874,40.80818538842608,4.702000882929679,Grid_Instability
2025-01-01 01:07:00,1,1,389.9100730980917,19.27537763675691,7.51566390334121,25.90565996258625,950.883224473006,94.92506007161066,9.475643398716889,8.719519750119355,20.0,49.93241913570712,73.50597944662647,91.06847868020697,386.0931852564472,35.03837438178294,29.35319380768756,24.032317265668592,17.872137879909353,0.0318204495436531,4095,62.05542586006653,79.38520417307176,435.8231892598529,34.649166626921016,23,25.77884158731429,1,243.69954172086724,83.19275680100172,50.02070477354186,105.3443508505936,37.32997121752541,81.65364232178895,19.093814064804874,50.37713356842483,0.9948316527185898,33.33947029635388,0.3932335876775208,-63.3596367118733,48.20019709563741,42.17216733540016,125.02371331593068,0.4121526880348815,0.2372033403285168,0.2790155709592771,74.76877799195539,0.6694762067490801,36.77774757180715,3.661918588609732,Communication_Failure
2025-01-01 01:08:00,1,1,389.5095579149038,16.805130103211944,6.545758797204526,42.731596201164656,790.4090062619085,95.4602797024382,5.900515891161854,5.79070307050494,49.97507327682264,49.839193105587896,60.16074439219202,95.94408938198276,389.9561803940317,10.251456750812745,24.253610276742744,15.9957253160862,22.929373699462868,0.0462066686386562,1027,61.5929461127151,69.29978192031632,425.5765890452219,41.76265396570331,4,40.4443075300631,0,250.866840610542,110.51912049065352,49.46576777637552,152.1943431549775,54.92114380051914,85.33679297263171,29.57739207749037,49.04966682187506,0.9486755034119524,20.379868688273525,2.2004433288303327,-32.846645002661255,63.39035113995725,53.5981023668654,191.069878205232,0.8140977973997374,0.1737335762386374,0.1985092114525407,56.81152560691288,0.8137552645394375,43.35662538416161,2.179904779202592,Normal
2025-01-01 01:09:00,1,1,448.33589305435135,14.653593164590728,6.569731777901922,38.20141242435911,538.7200613487189,96.69411442629834,6.891724967941743,6.378024216867342,36.47926731181936,50.08466428406781,44.91578807327821,76.88531720096155,386.5322305372662,34.28261333224678,43.10420999502502,19.418954617310348,18.16861757865953,0.0422767045631225,2536,32.054370374363145,54.98346472851122,406.5714152216679,33.19368280933008,6,31.393901567521286,0,243.50607382574395,78.86844203617406,50.270696878784285,95.02453598363898,34.30364014602066,85.96553277250716,12.728363309486896,63.1823490953196,0.9273615556163954,16.71363164883308,0.2534901998000554,-58.7672110984189,28.97874749201016,30.93223492443034,170.9893151782939,0.3245261224285283,0.1549373073213704,0.1486547919473323,73.28183106553071,0.61832394962517,34.325673089151884,3.701201634094964,Grid_Instability
2025-01-01 01:10:00,1,1,440.65685349669417,26.42028630657855,11.6422802323387,52.76504484660549,790.3489013771035,99.0,12.787946759539228,12.547909818841482,41.93352290624747,49.89851427414174,70.69214760282132,89.21786574949557,393.57110767111584,61.72825709859672,38.7415857486818,16.8178246400558,16.558892547099457,0.0405231408846645,3613,10.166736410116126,54.93607757175652,409.5776667958146,29.89041248232212,8,17.56729415456427,0,217.90656584646032,118.22953693572668,49.81914009514978,146.61097476160054,26.112550806210564,87.29248792893027,44.22268519247959,43.23931232567275,0.9613610631168475,12.317176417225664,3.324841192159908,-54.24008410813418,32.84080548017222,35.06342159975337,129.05180028565965,0.9244603805012652,0.0159283412841057,0.3628450852654532,78.68322972386525,0.7075769991587548,40.283032015395904,3.642652000894316,Normal
2025-01-01 01:11:00,1,1,413.5384309546088,17.696964889082544,7.318375092889998,61.01682241609879,1084.5091416164923,97.0659957348604,6.159623076559168,5.933741557978313,37.40232439819416,50.08516767226808,100.0,93.9058289407196,355.8706236124506,48.30370064567278,15.0,23.05654030381782,19.875287827056184,0.049456933733716,1008,59.85210044592764,44.04908163574837,414.89027911175344,36.06889279899866,19,73.24274718743997,0,228.55802162782635,101.63974829116596,50.1107307361582,133.8246141122902,45.339455774768986,79.44637659617801,42.11919578536811,31.44544350094865,0.9855764566142644,18.672921962226408,3.737857930702168,-45.83913363250229,40.832627377973765,23.03917163957397,66.34285140111649,0.4429122046021735,0.3008715225899355,0.0581505544854212,96.68649801967784,0.8382996054255485,57.995995556541054,4.045734085000152,Normal
2025-01-01 01:12:00,1,1,441.3260067112269,17.094847269423447,7.544400680752971,32.322643908795314,691.0434902225121,90.09236910462792,9.458253209300766,8.884971231331917,47.70485830854694,50.26612542919993,56.08325278636017,86.45872986989748,401.2052747696814,43.999347535179005,24.5183506468199,19.7222502386884,30.85602431198201,0.0477689495430763,1640,41.48653337939568,74.60613651172672,424.0437557430363,40.053319417273535,13,71.57827619965545,1,230.55781322186505,113.14791176355966,50.39376657959667,122.41629591480384,35.77302067869634,77.16051262489306,29.45606096074656,48.00334101024566,0.9614461251948844,26.40179372443234,2.2060230941583416,-71.59008974850288,44.61833263729321,61.95911142119864,133.4592455400697,0.3094595020317167,0.0618704182800365,-0.0590087792590604,77.48735134805074,0.7332325904920491,58.59995805004096,4.627528564311479,Normal
2025-01-01 01:13:00,1,1,389.9250906936553,19.99745158016849,7.797508121039179,26.20510933975184,1091.1609139535017,93.73788754100605,8.252847286164728,7.762963418726048,41.812087261127445,49.91724263954341,76.4782263731097,91.03331912483428,388.19991201413336,63.80047765799971,43.69971884860372,19.34414660568431,25.558896628434105,0.0517179444953209,4969,43.39933601320979,61.382286518150615,398.3157959241452,38.67534283340348,20,17.132575067935335,0,234.17811547961284,83.28626208800695,49.93668249834754,107.82387917568389,50.55845461874135,73.96179939754248,33.123328833512446,32.278559273512506,0.9660796222147108,15.839254421961527,2.9093238919268334,-29.06060362003178,41.3113830202529,54.78018400094399,156.255798039516,0.4308653122665213,0.2598536727347015,0.1641787257225782,88.92009045339833,0.6438110837185,60.6487564566976,3.979893141815941,Battery_Overheating
2025-01-01 01:14:00,1,1,388.88829730506336,20.875466103366925,8.118224468387929,39.41500123598568,45.06372397756388,92.27505493687154,7.149757111008047,7.077162766665854,38.47888831410596,50.14353366933849,80.94129449930126,94.84410992062912,413.89506142435016,57.80737685839749,30.849147028259093,17.91829785416354,16.782739331687303,0.0299595207675892,435,51.97050655956441,69.00856392209172,417.0042652552903,28.71876354696751,1,76.5871691774296,1,241.77037147440888,70.19785041003702,49.597223515978186,117.01814916837324,34.8443790107903,75.03471527248779,30.8614816104209,65.81676284892133,0.9548771080627824,13.077384321565686,1.512622374836902,-72.43017211063234,72.47308306606544,37.76965242989812,119.25269408597477,0.4865960547109446,0.0868944395658106,0.234465551305203,82.60163938165012,0.7750099313534141,59.35344437969019,3.520353534179229,Grid_Instability
2025-01-01 01:15:00,1,1,379.5634711871319,12.39965553353289,4.706456295832472,38.35003697785074,905.475626093806,93.96363586459078,4.171884698254424,4.00144626298367,49.46255391247533,50.00734120916872,62.47202901454656,90.53188377521334,383.5801118401656,53.00562957722569,36.22424680806788,30.0952062579143,25.532985286332764,0.0585273666821847,1165,43.399092086555285,71.98265197050267,373.61377648638927,37.81024815785951,11,45.46902578754032,0,226.22976481548736,99.47182772849544,49.92765592014715,132.45508105912077,32.13889221554611,78.68439529566025,36.98617443243674,29.433661730615995,0.9467392530311296,21.31914663803516,2.2509757776577324,-60.184878151763776,64.37756933554871,7.357804740252149,176.38654766082863,0.32257228149455,-8.056152872815137e-05,0.0672254808662249,52.77681426950083,0.5838796646308084,41.11077859801638,4.743237771438959,Normal
2025-01-01 01:16:00,1,1,429.0367608250911,17.239994837565554,7.396591541750419,44.13115535028416,721.7617670595428,93.65020201594982,5.258460923720838,5.098704409980234,45.55176109806296,49.81605586278665,83.69215017666605,94.6627058189931,396.7850286536684,42.68476947053821,23.888400250712905,19.248026627259573,22.564299026171582,0.0383996291647995,1190,31.344041231515742,60.02819450541898,377.0448917018296,34.25263294480355,17,66.16584083128475,0,221.5184976026793,105.92046812397632,50.1868933495189,115.8128216242932,56.59051765399605,79.62968413977589,43.69118789559255,52.194515017164406,0.9909523994104243,19.71207231094086,0.3090440278946753,-65.93465012586775,78.51011819938212,45.488501151105005,150.01389168861365,0.4536145089451769,0.2837902160524708,0.1220542463743513,84.49130215258678,0.7460380263493136,46.200835921472255,3.179374230011636,Normal
2025-01-01 01:17:00,1,1,425.4179468609517,13.71063511588849,5.832750241160948,30.41008476047925,625.2481623835331,93.55188252156812,8.173791615020292,7.810190764768922,39.07167718273895,50.0113566452432,77.69891361141958,92.20070916662924,369.85928963260767,69.9233767870289,24.94533836399169,26.379434362232168,30.56654226391793,0.0418588783925849,324,35.45468513256607,65.81650503049,405.8078925493807,34.04661067635329,24,88.73015747134231,1,206.8673024454146,105.58884239120276,49.55626894895394,121.8117888494196,47.33032498728965,86.33245037959692,36.37161463021227,24.258115852307363,1.0,28.477711738690097,0.0,-55.791520411936254,41.95703197069656,26.99643940377605,131.81139256032662,0.4198678865021272,0.4246184992139605,0.1292317046777429,97.79667070847115,0.5457016655679695,43.15456029015335,4.0920066169948,Normal
2025-01-01 01:18:00,1,1,406.9395869954761,15.741830857606825,6.405974147747162,30.44252524816465,722.9401941338756,95.47278539891792,8.433642813553572,7.768998739108323,41.07656682082981,49.74278407518048,62.30960158540469,94.935185708408,368.7212882255342,29.492392884414283,38.2713439812073,23.65416461006228,13.425505806199675,0.0135739852037437,3965,24.33664886748775,58.79829500455613,418.5728116716678,26.393121783243,20,22.43458915982186,1,222.9796309735759,69.45033125305112,49.79848850766359,145.3349915304328,38.00035157915961,66.22914770813516,40.99239549260824,83.3026195069243,0.9993745022967396,3.744999569438793,2.544096699890916,-72.20075482528645,31.69505306365284,59.96383623725254,64.80013244142368,0.5800538836412795,0.3810716675204623,0.2345905114756793,103.09273277870152,0.8575097043716026,42.58997794516696,4.823881093835308,Grid_Instability
2025-01-01 01:19:00,1,1,400.4901847597122,23.09395993880559,9.248904282725643,37.06058848644941,203.1077713497768,93.8131116510549,8.36422665819092,7.796818426785531,53.37723483368608,50.08366161003715,98.52187425084124,92.5081104139166,378.87157805299535,50.753464386923696,38.37995689932583,23.63877241316188,16.91082131084349,0.0567383571325379,1118,56.89672936370154,46.00210344925812,388.9741366039847,33.81982443910783,23,48.535464482514726,1,231.61347131793548,75.73227264002615,50.036880608556274,90.82171563455567,15.90411817023125,76.61722421293179,36.36418149592483,50.68154038591875,1.0,31.80872478917757,3.4208348233540344,-68.68605423603076,64.29114323699233,36.44843761695533,173.50056623036988,0.4976819551458888,0.1834103395443417,0.2622566370749253,85.23270543723457,0.6044831641226829,54.795234718850686,4.009799696871433,Normal
2025-01-01 01:20:00,1,1,480.3637150965727,22.61369022316828,10.862796247644155,41.01708383459018,645.082028040622,96.45747904230886,11.024914867149311,10.536876910126349,55.318470620579845,50.0911273240656,29.260675623775107,95.00236169815832,346.154066144912,27.27232931231673,26.55829927837992,23.388773997329537,28.24966494151512,0.0388159891860354,2495,17.63220478069583,86.50710673237867,400.62093566715873,25.218007716574867,21,19.86218460536907,1,236.0596555754813,102.16582696497572,49.94858282070177,145.7641786885855,40.78604534127113,69.77677536233966,18.12286010261627,70.42110344198895,0.9181902234981248,25.838359438453622,1.551282798387247,-40.39422622326454,75.54171826876818,16.359417786274406,88.4221935688089,0.4886256711013936,0.3748173464224491,0.095200273792252,94.50030837374462,0.6077615608171071,42.33471517658064,3.832087735395093,Sensor_Failure
2025-01-01 01:21:00,1,1,413.5217251602903,20.355240636114377,8.417334223898862,26.651210496735857,789.2781428779366,93.0537627193604,7.766221109955652,7.293383695761969,51.01894667678679,49.79590922717324,63.04880694270005,95.29430259543564,389.3264019397748,67.52622350312852,18.256972592618368,30.45615504740588,6.077348502493285,0.0471953143549523,3664,63.897870042693725,82.6999432881506,425.4612562949868,33.72657640770622,21,30.18554438680217,0,219.8412556915319,71.80198881422807,49.32516365336146,138.16482451213005,56.65062918851636,64.05237282156638,32.60751092242978,73.5047081986734,0.9735103632898204,21.672243177314748,0.3265073685634183,-58.48749164643512,78.12200585958375,35.99945027491718,155.17890563645136,0.6885368110751813,0.3511230648816427,0.0937710498287855,84.84228682222513,0.4174863756148227,54.9166960606441,2.951859464461504,Grid_Instability
2025-01-01 01:22:00,1,1,454.7016753633494,12.379061431631182,5.628779972388521,36.74392835556265,1069.473511185379,91.50375270828384,5.289149922597658,5.129781377011323,54.06698641394388,49.67786332652469,66.057744470057,92.30677626971034,384.6806881018511,42.64827140148868,34.3559531798017,29.73119558443484,9.55205789069758,0.0474866283979813,1265,39.52422381637047,34.50902463948724,463.3214409373427,38.08907992284357,15,73.47491529401015,1,226.94210313223692,75.56274889108383,50.27545604266924,110.98177111233213,17.42160046706352,78.13273186139,31.13069445373199,50.666017429327866,0.9255835480314276,19.15235173612828,1.235032031548317,-53.30888865728633,46.73733023087209,46.940344039695546,188.1868801071264,0.563541582033379,0.4879419309502101,0.1106195174579429,81.48093865822781,0.8897972606537442,47.542084892019766,2.337129974107099,Normal
2025-01-01 01:23:00,1,1,416.341289138763,18.74680882421712,7.805070553112493,37.21343985893114,570.4324454315881,93.81220140906468,5.520562627970949,5.158335588913571,49.98636374939604,49.81843395873315,98.47511998573314,84.56898163224363,397.9917507852553,57.127969740845046,38.57855017039896,25.076875784606816,10.098667501426808,0.0114814850173982,644,37.699619621649184,55.32542231068035,406.2510618862748,43.13398797649819,0,80.86159659494191,0,230.39915196316977,79.79427283864766,49.8319944169213,78.46632584259925,39.03332029256541,63.41532048922506,38.47606143671409,75.16118623597671,0.9355559179195004,8.105989257035922,0.1627692867674284,-66.39937174377117,90.03232063994686,27.46047362254012,77.03190872927198,0.6331550481395409,0.2512121720726021,0.2192298831358332,73.89655072105589,0.6297276018999447,34.063759239165186,4.114847056971818,Normal
2025-01-01 01:24:00,1,1,407.48218230528335,15.697599212808186,6.396491984188778,44.57339224388647,497.87659927670313,92.43025305100642,7.541641074882577,7.225304566966463,51.0024979647235,50.44620615277776,73.33062468278489,98.27499781964924,425.11186018939424,31.71671347433661,32.22561228946604,10.193693963670542,25.50069488973836,0.038583250260171,843,19.649123917920026,78.73706166983388,418.7744184281152,45.28781399613598,23,37.54390929073094,1,219.84567836875715,61.73109470832755,49.8844991291018,99.71469650008108,38.96747230499079,58.26360445790118,39.40158610884439,59.6647861209526,0.9580918739235372,17.935984992646986,0.4835020653750896,-61.20793104363393,41.865117605733495,39.15335585714615,213.50860520005347,0.3189167979227353,0.5475579090039573,0.1285348174965557,69.99059669171282,0.660903118539388,41.780539395202425,2.9079740516501897,PV_Fault
2026-06-08 10:00:00,437,18,7.5,38,700,93,7.2,45,50,10,85,380,45,85,95,0,0.04,2500,40,60,410,34,12,45,1,220,85,50,120,40,78,35,50,0.94,20,1.5,-60,55,45,120,0.5,0.3,0.15,80,0.7,45,3.5,Battery_Overheating
2026-06-08 10:00:00,437,18,7.5,38,700,93,7.2,45,50,10,85,380,45,85,95,0,0.04,2500,40,60,410,34,12,45,1,220,85,50,120,40,78,35,50,0.94,20,1.5,-60,55,45,120,0.5,0.3,0.15,80,0.7,45,3.5,Battery_Overheating
2026-06-08 10:00:00,437,18,7.5,38,700,93,7.2,45,50,10,85,380,45,85,95,0,0.04,2500,40,60,410,34,12,45,1,220,85,50,120,40,78,35,50,0.94,20,1.5,-60,55,45,120,0.5,0.3,0.15,80,0.7,45,3.5,Battery_Overheating
2026-06-08 10:00:00,437,18,7.5,38,700,93,7.2,45,50,10,85,380,45,85,95,0,0.04,2500,40,60,410,34,12,45,1,220,85,50,120,40,78,35,50,0.94,20,1.5,-60,55,45,120,0.5,0.3,0.15,80,0.7,45,3.5,Battery_Overheating
2026-06-08 10:00:00,437,18,7.5,38,700,93,7.2,45,50,10,85,380,45,85,95,0,0.04,2500,40,60,410,34,12,45,1,220,85,50,120,40,78,35,50,0.94,20,1.5,-60,55,45,120,0.5,0.3,0.15,80,0.7,45,3.5,Battery_Overheating
